dc_single_cell_rmse_mV,dc_cascade_rmse_mV,dc_rmse_ratio,dc_corr_cell1_cell2,dc_corr_model_vs_actual,dc_residual_rmse_mV,noise_single_cell_uV,noise_cascade_uV,noise_analytical_uV,noise_ratio_measured,noise_sim_predicted_uV,noise_sim_predicted_std_uV,noise_spice_over_sim,noise_margin_pct,noise_verdict_within_30pct
10.908204131355568,20.33441826689326,1.8641398732576056,0.04766359967094849,0.7645409758408847,9.494442188336823,126.97961964410663,362.19807736509506,367.7820855195364,2.8524111064456585,367.7736683161773,10.984262189682306,0.9848396135139048,1.516038648609519,PASS
